,City,Cloudiness,Country,Date,Humidity,Lat,Lng,Max Temp,Wind Speed
0,khorinsk,8,RU,1545616138,45,52.16,109.78,-2.94,8.23
1,ponta do sol,80,BR,1545616138,97,-20.63,-46.0,66.82,3.53
2,bredasdorp,0,ZA,1545613200,93,-34.53,20.04,57.2,2.24
3,vaitupu,56,BR,1545616138,94,-9.87,-56.08,73.88,1.63
4,alta floresta,64,PF,1545616138,100,-23.12,-134.97,78.16,17.74
5,rikitea,0,KZ,1545615000,77,50.28,57.21,6.8,6.71
6,aqtobe,0,ML,1545616138,50,20.2,1.01,49.72,10.02
7,tessalit,40,US,1545612780,68,19.71,-155.08,78.08,9.17
8,hilo,0,DZ,1545613200,39,27.87,-0.29,48.2,9.17
9,adrar,90,RU,1545615000,92,59.7,30.79,23.0,6.71
10,nikolskoye,48,ID,1545616139,94,-2.54,112.95,83.56,7.23
11,sampit,40,AR,1545613200,75,-54.81,-68.31,44.6,29.97
12,ushuaia,0,CL,1545613200,82,-42.48,-73.76,59.0,4.7
13,castro,48,RU,1545616140,0,66.32,-179.17,-29.04,3.2
14,egvekinot,92,ZA,1545616140,95,-33.59,26.89,70.28,10.25
15,port alfred,88,ZA,1545616140,96,-34.0,24.73,68.8,8.01
16,kruisfontein,76,KZ,1545616140,61,51.0,81.46,-2.94,2.98
17,gornyak,76,OM,1545616140,100,22.57,59.53,68.53,6.44
18,sur,90,US,1545614100,58,42.65,-73.75,33.98,2.42
19,albany,75,CA,1545613200,83,69.44,-133.03,-11.21,6.93
20,tuktoyaktuk,0,NZ,1545616141,54,-46.19,168.86,73.3,5.44
21,mataura,20,CL,1545613200,92,-53.16,-70.91,48.2,26.4
22,punta arenas,75,AU,1545613200,64,-28.65,153.62,80.6,6.93
23,byron bay,32,ZA,1545616141,100,-34.42,19.24,56.38,2.53
24,hermanus,0,IN,1545616141,59,18.42,84.04,69.52,3.98
25,narasannapeta,0,NE,1545616142,68,18.69,12.92,44.77,6.11
26,bilma,88,RU,1545616142,89,54.89,44.3,22.58,8.9
27,imeni stepana razina,90,CA,1545613200,93,50.7,-127.42,41.0,3.36
28,port hardy,88,TZ,1545616142,100,-2.55,33.05,66.32,4.21
29,kisesa,24,BR,1545616142,99,-22.97,-42.02,76.49,0.4
30,arraial do cabo,75,BR,1545613200,88,-28.24,-48.67,73.4,6.93
31,imbituba,90,FR,1545613200,100,48.06,-2.97,53.6,5.82
32,pontivy,20,MU,1545613200,88,-20.41,57.7,73.4,8.05
33,mahebourg,36,BO,1545616143,94,-16.98,-67.22,51.61,0.74
34,quime,0,AU,1545616143,79,-33.64,115.35,73.79,9.24
35,busselton,5,MX,1545612060,12,20.87,-101.52,60.8,6.93
36,romita,0,AU,1545615000,13,-34.93,138.6,89.6,11.41
37,adelaide,64,NO,1545614400,86,71.0,24.66,26.6,10.29
38,havoysund,8,GL,1545616144,81,77.48,-69.36,-9.24,6.89
39,barentsburg,90,CA,1545615060,75,68.22,-135.01,-16.61,10.02
40,qaanaaq,0,AU,1545615000,10,-42.88,147.33,84.2,21.92
41,kamenskoye,88,PT,1545616144,100,38.52,-28.7,58.22,19.98
42,louisbourg,0,AU,1545615000,10,-42.78,147.06,84.2,21.92
43,aklavik,64,CU,1545616145,100,20.34,-77.12,77.8,18.86
44,hobart,64,EC,1545616145,98,-0.74,-90.35,76.58,8.68
45,ribeira grande,92,CA,1545616145,92,43.74,-81.71,33.2,13.15
46,new norfolk,20,MU,1545613200,88,-20.34,57.76,73.4,8.05
47,manzanillo,0,ZA,1545616145,53,-30.97,22.13,63.76,9.13
48,puerto ayora,64,CA,1545616146,75,60.75,-137.51,-6.0,2.42
49,mys shmidta,56,IN,1545616146,96,26.91,70.91,47.02,9.57
50,goderich,36,SB,1545616146,100,-10.46,161.92,82.57,11.03
51,bambous virieux,1,US,1545616200,81,32.3,-81.24,53.6,10.29
52,grand river south east,0,AU,1545616146,26,-33.21,138.6,87.16,5.55
53,carnarvon,90,US,1545612960,81,39.31,-74.98,42.98,3.36
54,haines junction,40,CN,1545615000,82,22.54,114.05,62.6,5.82
55,jaisalmer,80,KZ,1545616147,60,47.96,80.43,-8.25,8.57
56,kirakira,20,BB,1545613200,65,13.22,-59.52,78.8,17.22
57,rincon,75,CK,1545613200,78,-21.21,-159.78,82.4,10.29
58,jamestown,8,PF,1545616147,100,-9.8,-139.03,81.58,17.74
59,port elizabeth,90,US,1545614220,87,60.79,-161.76,8.96,4.65
60,belushya guba,88,PH,1545616148,100,13.78,124.39,79.78,7.56
61,shenzhen,76,RU,1545616148,89,59.24,163.07,9.76,4.76
62,ayagoz,36,KI,1545616148,100,3.07,172.79,83.92,5.99
63,bathsheba,90,US,1545613980,77,43.97,-111.68,26.06,4.7
64,avarua,92,TZ,1545616149,93,-6.98,39.3,74.47,2.75
65,atuona,12,MV,1545616149,100,-0.6,73.08,82.12,6.55
66,illoqqortoormiut,0,RU,1545616149,0,68.75,161.3,-36.82,2.42
67,bethel,0,BS,1545616149,100,26.54,-77.06,70.33,8.34
68,gigmoto,76,RU,1545616149,60,71.97,114.09,-12.75,11.25
69,ossora,75,JP,1545614340,86,40.81,140.39,32.0,16.11
70,butaritari,36,RU,1545616150,100,63.05,179.32,-2.13,15.05
71,saint anthony,90,CA,1545613200,77,55.74,-97.86,-2.21,2.75
72,vikindu,0,AU,1545615000,24,-32.25,148.6,82.4,4.7
73,hithadhoo,92,NO,1545614400,95,65.46,12.2,33.8,25.28
74,cherskiy,20,PE,1545616150,94,-10.07,-78.15,64.03,3.09
75,marsh harbour,75,MX,1545612240,60,22.89,-109.91,73.4,3.36
76,saskylakh,90,CA,1545613200,92,54.52,-128.61,30.2,2.24
77,kizukuri,0,AR,1545616151,33,-38.31,-60.23,79.82,12.37
78,beringovskiy,5,CA,1545613200,68,63.75,-68.52,-14.81,25.28
79,thompson,40,PF,1545615000,66,-17.73,-149.15,86.0,4.7
80,dubbo,20,PY,1545616151,73,-26.98,-56.83,74.38,4.76
81,bronnoysund,92,RU,1545616152,85,60.98,32.97,17.0,2.75
82,huarmey,0,CL,1545613200,63,-36.72,-73.12,64.4,9.17
83,cabo san lucas,75,JP,1545613200,94,24.34,124.16,68.0,26.4
84,terrace,0,US,1545613080,77,64.84,-147.72,-13.01,6.44
85,barrow,90,CA,1545613200,92,50.1,-91.92,17.6,2.24
86,camana,40,AU,1545615000,66,-14.47,132.26,89.6,6.93
87,marang,20,JP,1545615000,29,35.74,139.53,50.36,12.75
88,iqaluit,44,SO,1545616153,100,11.47,49.87,60.97,3.98
89,tautira,75,PM,1545613200,80,47.1,-56.38,30.2,27.51
90,tsihombe,0,BW,1545616153,16,-26.02,22.4,70.19,8.9
91,san patricio,40,MX,1545612780,72,16.35,-93.53,68.0,21.92
92,olonets,40,MN,1545615000,76,47.92,106.92,-11.21,2.24
93,skalistyy,92,NZ,1545616154,100,-35.17,173.16,65.78,9.01
94,nizhneyansk,40,MX,1545612000,69,15.86,-97.07,77.0,2.64
95,talcahuano,40,JP,1545613200,53,33.72,135.99,51.8,5.82
96,ishigaki,24,BR,1545616154,89,-4.26,-55.99,76.4,3.09
97,fairbanks,0,UY,1545616154,93,-33.69,-53.46,60.88,6.44
98,sioux lookout,64,KZ,1545616155,76,51.96,66.41,-3.48,8.68
99,katherine,88,PH,1545616155,99,11.0,122.67,77.71,7.34
100,nishihara,40,GY,1545613200,88,6.8,-58.16,77.0,4.7
101,marcona,92,ZA,1545616155,100,-33.02,27.91,72.62,7.0
102,qandala,0,AU,1545613200,8,-25.24,130.99,91.4,13.87
103,miquelon,68,GF,1545616156,100,4.27,-54.38,71.9,2.86
104,tsabong,0,ES,1545615000,26,28.66,-17.92,71.6,20.8
105,cristobal obregon,0,PT,1545613200,87,37.14,-8.45,51.8,8.05
106,ulaanbaatar,44,RU,1545616156,38,62.16,117.65,-25.03,5.21
107,ahipara,36,PG,1545616157,100,-6.22,155.63,82.34,3.65
108,puerto escondido,88,GL,1545612600,100,64.17,-51.74,37.4,38.03
109,shingu,8,SA,1545616157,83,18.39,42.45,42.52,2.64
110,itaituba,0,LY,1545616157,81,29.03,21.55,42.83,5.44
111,chuy,75,JP,1545613200,60,38.08,138.43,41.0,11.41
112,esil,20,ID,1545613200,74,-0.92,100.36,80.6,2.24
113,dingle,24,RU,1545616158,33,61.68,64.48,-22.29,8.01
114,georgetown,20,ES,1545613200,100,42.77,-9.06,50.0,6.93
115,karaul,90,RU,1545615000,71,52.01,106.87,3.2,13.42
116,east london,75,US,1545612780,55,46.01,-112.54,30.02,4.99
117,ijaki,0,ES,1545613200,87,38.18,-1.13,44.6,3.36
118,yulara,80,PH,1545616158,62,17.54,120.52,83.2,4.76
119,grand-santi,20,US,1545612960,64,22.08,-159.32,80.96,12.75
120,los llanos de aridane,90,US,1545615600,93,37.78,-122.42,57.92,3.09
121,lagoa,75,AU,1545613200,50,-26.54,151.84,77.0,10.29
122,suntar,20,CA,1545613200,67,63.59,-135.9,-27.41,2.64
123,saleaula,24,IN,1545613200,88,15.34,74.49,64.4,3.36
124,kieta,0,PT,1545613200,93,38.8,-9.45,48.2,8.05
125,nuuk,12,FR,1545613200,67,43.56,6.97,57.2,16.11
126,faya,8,IR,1545616163,100,25.29,60.65,66.59,7.0
127,jalu,0,AU,1545616164,55,-23.58,149.07,81.62,14.83
128,ryotsu,0,KE,1545616164,86,-1.37,38.02,57.68,4.09
129,padang,0,BR,1545616164,99,-17.73,-39.27,80.5,23.55
130,kommunisticheskiy,0,ZA,1545613200,82,-33.93,18.42,68.0,12.75
131,muros,80,RU,1545616164,100,50.68,156.12,31.85,14.27
132,selenginsk,75,BN,1545615000,100,5.28,115.24,80.6,8.34
133,butte,0,GW,1545616165,100,11.28,-15.83,78.47,6.78
134,fortuna,32,SO,1545616122,99,2.04,45.34,79.6,24.79
135,san quintin,1,US,1545614100,72,34.64,-120.46,60.98,12.75
136,kapaa,24,PT,1545616165,84,41.42,-6.55,28.79,2.75
137,san francisco,0,PE,1545613200,77,-13.71,-76.2,69.8,19.46
138,kingaroy,20,BR,1545616166,88,-27.41,-51.77,67.18,7.56
139,mayo,68,RU,1545616166,100,59.36,143.24,8.32,7.67
140,vaini,0,ML,1545616166,64,18.44,1.41,48.5,9.69
141,colares,48,RU,1545616166,71,67.55,63.78,1.3,16.4
142,saint-joseph,48,BR,1545616166,97,-32.03,-52.1,66.95,8.23
143,chabahar,75,GR,1545612600,100,39.45,22.34,41.0,2.42
144,bluff,88,BR,1545616167,90,-30.17,-50.22,69.61,6.67
145,kitui,0,BR,1545613200,73,-20.25,-43.81,73.4,5.82
146,caravelas,0,IT,1545614400,93,40.4,17.56,51.8,8.05
147,cape town,0,IR,1545613200,100,37.28,49.58,37.4,2.42
148,severo-kurilsk,1,US,1545614100,37,39.95,-94.76,35.06,5.82
149,tuggurt,0,SO,1545616167,81,5.35,48.53,77.08,20.76
150,silyanah,90,CA,1545613200,83,62.45,-114.38,-4.01,3.36
151,victoria,0,RU,1545616168,73,66.83,70.83,-16.08,20.98
152,bubaque,90,EC,1545613200,82,-0.39,-78.55,59.0,6.93
153,mogadishu,0,BW,1545613200,44,-24.68,25.54,78.8,4.7
154,bor,75,PH,1545613200,88,14.6,121.03,78.8,2.24
155,lompoc,32,RU,1545616169,28,56.36,114.84,-21.97,2.53
156,saldanha,32,BR,1545616170,92,-8.26,-49.26,72.22,5.66
157,pisco,75,FI,1545614400,92,63.84,23.13,12.2,5.82
158,ipira,40,JP,1545613200,52,37.8,140.92,42.8,8.05
159,okhotsk,1,US,1545615300,82,32.52,-92.15,46.94,4.65
160,kidal,75,BM,1545612900,64,32.3,-64.78,68.0,8.05
161,komsomolskiy,12,NZ,1545616170,64,-46.13,167.69,67.36,9.46
162,olafsvik,8,CA,1545616170,100,48.65,-53.11,30.55,21.32
163,rio grande,75,JP,1545613200,70,33.93,134.5,48.2,14.99
164,saint george,0,RU,1545616171,38,42.9,133.91,13.85,5.88
165,cidreira,48,IT,1545616171,95,44.43,10.25,35.45,2.3
166,praia,20,TT,1545613200,78,10.24,-61.45,77.0,5.82
167,sava,0,RU,1545616171,75,66.04,60.13,5.8,8.46
168,rasht,48,RU,1545616171,59,51.13,93.72,-15.72,1.97
169,kodiak,64,NO,1545614400,86,70.66,23.68,26.6,10.29
170,hobyo,56,AO,1545616172,94,-11.78,19.91,63.53,3.09
171,yellowknife,90,RU,1545615000,85,55.61,37.97,17.6,8.95
172,yar-sale,0,RU,1545616172,100,69.7,170.27,-31.29,3.53
173,san cristobal,0,CA,1545615899,70,66.15,-65.72,-16.17,3.09
174,thamaga,12,RU,1545616172,33,54.43,119.94,-24.36,2.98
175,san juan,0,ZA,1545616172,88,-31.47,19.78,47.11,2.64
176,barbar,90,IT,1545614400,99,45.18,8.4,42.8,4.7
177,taksimo,0,RU,1545616173,0,61.28,108.01,-37.5,2.75
178,conceicao do araguaia,64,KZ,1545615000,76,47.8,67.71,-9.41,6.71
179,kokkola,90,US,1545612960,66,37.55,-121.99,57.92,4.7
180,soma,20,IT,1545614400,93,41.89,12.48,55.4,4.7
181,west monroe,92,AO,1545616174,98,-8.42,20.74,67.36,3.09
182,hamilton,76,RU,1545616174,73,53.0,91.49,-4.15,2.53
183,tuatapere,1,US,1545614100,27,29.56,-104.41,60.62,12.75
184,bonavista,48,RU,1545616174,74,53.56,119.32,-8.52,3.31
185,mentok,76,ID,1545616174,77,-2.54,115.51,80.95,5.21
186,katsuura,90,CA,1545613920,84,49.78,-74.86,5.0,6.93
187,preobrazheniye,0,CN,1545616175,30,40.77,114.88,9.89,2.64
188,taviano,24,LK,1545616175,90,7.35,80.68,73.57,3.76
189,esperance,0,RU,1545615000,66,61.23,73.33,-29.21,4.47
190,inta,64,TL,1545616175,87,-8.93,125.41,77.53,2.19
191,khovu-aksy,40,RO,1545613200,86,45.92,26.67,32.0,12.75
192,cumaribo,0,AR,1545616176,46,-46.43,-67.52,70.15,22.1
193,hammerfest,8,MM,1545616176,63,16.78,94.73,83.11,6.89
194,luena,36,SE,1545614400,92,59.65,12.59,19.4,3.36
195,oktyabrskiy,1,US,1545615300,62,30.3,-99.24,48.56,4.7
196,pevek,0,RU,1545616176,0,66.42,112.4,-57.43,2.3
197,pangnirtung,40,IN,1545615000,83,10.77,75.93,77.0,3.36
198,tupik,88,RU,1545616177,92,73.51,80.55,26.72,35.63
199,calvinia,92,RU,1545616177,74,71.98,102.47,-6.54,21.43
200,vila,88,BR,1545616177,94,-19.11,-51.73,71.99,4.76
201,yerbogachen,0,ET,1545616177,90,8.96,38.73,38.2,2.42
202,zhezkazgan,0,CO,1545616177,93,5.33,-74.3,64.75,1.52
203,tidore,75,HN,1545613200,88,15.09,-87.97,73.4,4.7
204,fremont,0,VE,1545616178,91,9.79,-69.8,62.05,1.3
205,roma,90,IS,1545615000,87,63.84,-22.43,42.8,25.28
206,lucapa,24,RU,1545616178,86,68.05,39.51,13.27,14.72
207,mayna,75,CA,1545613200,76,58.81,-122.69,-7.61,2.86
208,ojinaga,44,PH,1545616178,87,16.29,119.81,84.05,3.2
209,davenda,92,GL,1545616179,92,60.14,-45.24,34.6,18.75
210,mrirt,20,MX,1545612120,69,16.86,-99.88,80.6,6.93
211,labuhan,0,KR,1545615000,42,37.57,126.98,30.2,6.93
212,chapais,88,RU,1545616179,100,61.92,159.24,8.9,21.43
213,zhangjiakou,0,RU,1545616179,71,54.23,85.8,-16.35,4.09
214,wattegama,88,PG,1545615889,100,-2.67,141.3,76.85,3.2
215,poykovskiy,44,PG,1545616179,100,-3.66,152.44,83.6,4.32
216,airai,0,AU,1545616179,72,-30.51,151.67,68.93,4.99
217,amderma,90,US,1545615600,93,37.46,-122.43,57.92,4.54
218,tulnici,0,RU,1545616180,0,71.64,128.87,-42.81,6.89
219,mar del plata,40,US,1545612780,31,45.67,-108.77,35.96,17.22
220,pathein,90,FR,1545613200,93,44.83,-0.61,53.6,3.09
221,arvika,0,LY,1545616180,77,31.86,10.98,32.98,2.42
222,bobo dioulasso,8,HT,1545616181,95,19.58,-72.18,78.43,13.82
223,harper,0,EG,1545616181,100,24.09,32.9,46.57,5.88
224,udachnyy,90,AU,1545613200,53,-28.95,153.24,80.6,12.75
225,ponnani,8,CA,1545616181,77,53.4,-117.57,9.67,1.63
226,dikson,48,NO,1545616181,100,67.67,12.69,39.73,21.43
227,khatanga,76,LK,1545616181,92,7.42,81.82,77.12,3.87
228,taolanaro,20,RU,1545616182,0,62.1,77.47,-29.67,10.69
229,cassilandia,80,ID,1545616182,97,-2.68,111.62,76.81,7.0
230,lebu,0,NG,1545613200,88,6.63,3.35,77.0,2.24
231,topaipi,90,US,1545615300,100,40.8,-124.16,57.02,9.17
232,amapa,68,RU,1545616182,70,53.27,140.15,6.52,11.36
233,el tocuyo,0,SN,1545615000,16,14.69,-16.54,78.8,10.29
234,tarudant,92,CN,1545616183,99,28.78,105.09,48.14,5.66
235,grindavik,92,CD,1545616183,98,-4.99,12.94,71.54,3.31
236,ostrovnoy,0,EG,1545616183,97,30.6,32.27,43.28,4.43
237,fort nelson,0,NZ,1545616183,65,-46.28,169.85,69.65,4.43
238,catuday,92,FR,1545613200,93,49.16,5.39,53.6,24.16
239,nanortalik,20,MU,1545613200,88,-19.98,57.61,73.4,8.05
240,acapulco,44,US,1545616184,50,37.17,-99.65,38.92,12.48
241,seoul,100,KM,1545616184,100,-11.38,43.28,81.35,9.24
242,higuey,75,TR,1545614400,100,37.53,40.83,41.0,9.17
243,evensk,32,PE,1545616185,98,-13.74,-72.9,42.7,1.3
244,salair,75,CA,1545613200,83,50.04,-110.68,32.0,6.93
245,vanimo,36,NA,1545616185,79,-17.88,15.07,67.49,3.31
246,namatanai,0,AU,1545615000,10,-43.03,147.26,84.2,21.92
247,armidale,36,CN,1545616185,66,33.46,119.15,44.9,7.0
248,bengkulu,36,BR,1545616185,90,-6.64,-51.99,75.91,3.42
249,half moon bay,12,NO,1545616186,100,71.03,27.85,9.44,4.21
250,tiksi,68,MG,1545616186,100,-22.14,48.01,71.72,12.48
251,laurel,76,RU,1545616186,100,45.23,147.88,30.59,18.07
252,saint-augustin,0,OM,1545612600,43,17.01,54.1,71.6,17.22
253,nalut,80,BR,1545616158,90,-21.48,-56.15,74.83,3.09
254,palabuhanratu,32,RU,1545616186,0,67.55,133.39,-45.33,2.53
255,grande riviere du nord,56,RU,1545616186,48,70.62,147.9,-29.4,4.21
256,aswan,90,AU,1545615000,94,-16.99,145.42,77.0,13.87
257,codrington,76,CN,1545616187,87,23.23,104.89,55.57,2.75
258,hinton,0,SA,1545616187,80,24.63,46.72,37.57,2.19
259,sorland,92,EE,1545616187,93,59.1,26.19,26.63,7.23
260,kalmunai,88,GL,1545612600,92,65.61,-37.64,26.6,2.98
261,cozumel,90,US,1545614580,85,44.77,-117.83,32.0,13.87
262,raduzhnyy,92,PH,1545616188,100,13.08,121.36,74.65,3.2
263,pangkalanbuun,0,IN,1545616188,67,30.78,78.62,22.4,1.74
264,george,75,AT,1545614400,81,48.64,13.53,53.6,25.28
265,eureka,1,US,1545612960,57,35.77,-91.64,42.08,2.3
266,mago,92,KZ,1545616188,100,43.18,51.68,32.62,18.86
267,gat,12,RU,1545616188,100,44.03,145.86,31.49,23.78
268,tongzi,0,AR,1545616188,47,-38.55,-58.74,76.9,14.94
269,tshela,75,RU,1545615000,77,64.42,-173.23,1.4,6.71
270,ismailia,68,RU,1545616189,57,50.37,119.09,-7.44,4.09
271,bargal,76,CA,1545616189,80,52.35,-110.26,10.57,9.46
272,kaitangata,0,ZA,1545613200,68,-23.89,30.29,68.0,11.41
273,verdun,0,LY,1545616189,87,26.59,12.77,38.15,6.67
274,cap malheureux,40,CO,1545613200,87,6.35,-75.51,60.8,2.24
275,wau,64,GB,1545612600,93,54.28,-0.41,39.2,5.82
276,sitka,92,IS,1545616032,96,63.44,-20.27,43.28,22.88
277,mitsamiouli,24,PG,1545616190,100,-2.57,150.8,86.12,2.98
278,durusu,36,GL,1545616190,100,72.79,-56.15,2.24,10.25
279,sofiysk,0,PT,1545613200,81,39.36,-9.38,51.8,10.29
280,matara,20,IE,1545616191,85,53.97,-8.3,31.49,5.55
281,medicine hat,20,ID,1545616191,87,-4.94,122.53,85.58,7.78
282,andevoranto,75,BN,1545615000,100,5.28,115.24,80.6,8.34
283,ongandjera,88,GL,1545612600,78,69.22,-51.1,15.8,20.8
284,margate,0,IR,1545613200,100,37.26,49.94,37.4,2.42
285,sanbu,0,MX,1545616191,99,27.97,-114.04,55.57,6.78
286,sao felix do xingu,0,SA,1545616191,81,26.33,43.97,39.91,4.09
287,mehamn,12,RU,1545616192,31,54.37,81.9,-21.03,10.92
288,manakara,36,ID,1545616192,83,-7.37,108.54,78.97,3.65
289,kurilsk,24,RU,1545616192,31,60.13,64.8,-20.58,5.66
290,salalah,36,ID,1545616192,100,-5.67,132.75,83.24,12.71
291,jardim,92,IS,1545616032,99,64.25,-15.21,41.35,23.89
292,verkhoyansk,90,FR,1545613200,100,45.6,-0.6,53.6,3.36
293,chokurdakh,92,RU,1545616193,87,54.43,31.9,23.98,11.81
294,mareeba,1,US,1545612960,71,41.97,-71.43,33.98,4.7
295,babu,36,NA,1545616193,92,-20.37,14.96,64.43,2.3
296,waw,90,US,1545613980,92,48.41,-114.33,28.04,3.36
297,riyadh,75,CA,1545613200,76,65.28,-126.83,-9.41,3.42
298,vao,90,CA,1545613200,68,49.25,-55.06,28.4,18.34
299,tasiilaq,75,CA,1545613200,85,52.36,-106.96,10.4,9.17
300,baker city,90,US,1545615300,72,45.31,-93.79,24.08,6.93
301,subaan,88,CA,1545616194,81,50.56,-96.99,11.78,4.76
302,lata,0,GH,1545613200,78,5.86,-0.66,80.6,4.7
303,wanning,40,JP,1545613200,65,36.22,136.15,41.0,18.34
304,batesville,0,CN,1545616195,77,40.29,97.04,7.42,13.27
305,gorno-chuyskiy,8,RU,1545616195,95,69.38,178.42,-11.35,13.82
306,kuryk,0,BJ,1545613200,69,6.37,2.09,78.8,1.12
307,yuzhno-kurilsk,1,US,1545613020,47,21.32,-158.01,82.94,6.93
308,necochea,44,MN,1545616195,68,49.49,105.92,-0.1,10.13
309,provideniya,0,NG,1545613200,88,6.46,3.39,77.0,2.24
310,hurghada,0,NG,1545616196,69,8.92,6.4,61.55,4.43
311,priargunsk,75,CU,1545612600,73,21.26,-78.15,73.4,14.99
312,provost,36,RU,1545616196,74,60.71,114.91,-17.43,4.76
313,nkowakowa,88,PY,1545616196,90,-19.93,-60.77,76.04,1.63
314,awbari,0,PK,1545616196,89,28.9,64.41,37.03,5.66
315,copacabana,90,RU,1545615000,77,53.14,59.15,-2.21,4.47
316,scarborough,76,GL,1545616197,87,61.99,-49.67,36.67,39.66
317,sentyabrskiy,75,BR,1545613200,88,-27.6,-48.55,73.4,6.93
318,vestmannaeyjar,0,CL,1545613200,44,-33.73,-70.74,75.2,6.93
319,kavieng,0,NP,1545616197,68,28.21,83.99,40.49,2.19
320,upernavik,8,BR,1545616197,97,-21.64,-41.05,79.96,16.17
321,peniche,80,RU,1545616197,100,65.58,-170.99,10.52,19.64
322,boyle,92,ID,1545616198,91,-7.38,108.21,71.54,2.75
323,katobu,0,CN,1545613200,73,36.09,120.35,26.6,2.24
324,bur gabo,0,IN,1545616198,78,28.33,75.06,44.09,2.75
325,labuan,40,CM,1545613200,100,4.42,9.93,75.2,1.12
326,ilulissat,68,AU,1545616198,48,-34.72,135.86,82.21,11.7
327,astaneh-ye ashrafiyeh,0,ML,1545616198,41,22.68,-3.98,52.73,13.15
328,guerrero negro,80,PH,1545616199,62,17.32,120.7,83.2,4.76
329,sinkat,92,GL,1545616199,100,68.71,-52.87,21.1,14.72
330,buraydah,24,RU,1545616199,72,49.22,143.1,9.89,10.13
331,ordynskoye,75,IL,1545614400,82,31.8,34.94,55.4,4.7
332,banjar,36,LS,1545616199,53,-29.31,27.48,53.32,2.42
333,uray,20,UA,1545616199,94,46.93,35.45,29.83,11.48
334,tual,1,CA,1545615300,92,45.36,-73.48,15.8,3.2
335,hofn,80,PE,1545616200,100,-16.09,-69.64,40.18,3.98
336,souillac,20,MU,1545613200,88,-20.01,57.66,73.4,8.05
337,sobolevo,20,AR,1545613200,32,-51.62,-69.22,55.4,17.22
338,cumberland,90,CA,1545615420,92,49.02,-122.8,44.6,3.36
339,khorixas,0,RU,1545615000,65,55.79,84.89,-34.61,4.47
340,whitefish,1,US,1545615300,74,41.04,-88.87,33.98,10.29
341,norman wells,92,MG,1545616201,97,-13.19,49.05,75.05,6.89
342,lewisporte,0,AU,1545616172,58,-33.28,149.1,74.42,5.44
343,langham,8,CN,1545616201,88,32.07,116.17,45.89,9.57
344,monticello,40,BH,1545615000,77,26.15,50.62,62.6,12.75
345,husavik,64,ID,1545616201,61,-3.46,120.21,82.66,5.21
346,asamankese,92,MG,1545616201,88,-19.53,45.46,69.29,2.75
347,attawapiskat,92,GL,1545616202,92,60.91,-46.05,30.37,5.44
348,mikuni,0,SD,1545616202,56,12.35,32.18,65.11,12.03
349,yumen,44,RU,1545616202,74,54.46,64.85,-6.22,8.68
350,leningradskiy,75,AO,1545613200,83,-8.83,13.24,78.8,3.36
351,ouidah,56,CL,1545616202,96,-22.09,-70.2,60.61,2.64
352,ewa beach,0,IN,1545616008,88,25.52,90.21,63.98,3.42
353,darhan,100,CD,1545616203,93,-2.95,25.92,70.87,2.86
354,lagos,8,RU,1545616203,57,52.15,93.92,-14.37,2.19
355,fowa,20,JM,1545613200,74,18.44,-78.17,78.8,8.05
356,armacao dos buzios,0,PK,1545616203,100,24.14,67.45,63.53,18.3
357,vertientes,76,ES,1545613200,100,42.46,-6.05,37.4,4.7
358,lensk,80,DK,1545616204,91,57.08,9.27,31.49,3.2
359,mayor pablo lagerenza,20,CA,1545613200,65,50.2,-66.38,6.8,9.17
360,dalbandin,90,LA,1545613200,88,19.89,102.14,62.6,2.42
361,svetlogorsk,0,IN,1545616204,73,26.75,92.1,55.43,1.86
362,paamiut,88,CV,1545616204,95,14.9,-24.5,74.92,8.12
363,florianopolis,0,CR,1545613200,64,9.43,-84.16,68.0,18.34
364,buin,36,ZA,1545616205,85,-28.77,32.06,70.51,10.47
365,pokhara,90,TM,1545613200,86,38.05,58.21,39.2,6.93
366,sao joao da barra,90,UA,1545615000,96,50.16,37.0,32.0,13.42
367,lavrentiya,90,FR,1545613200,87,46.42,3.91,53.6,8.05
368,kawalu,0,NG,1545613200,88,5.43,7.07,68.0,3.31
369,qingdao,90,CA,1545614580,100,47.66,-52.73,32.0,18.34
370,dhadar,40,US,1545614100,76,36.67,-121.66,57.92,9.17
371,madimba,75,BR,1545613200,88,-3.71,-38.6,77.0,9.17
372,port lincoln,75,CA,1545613200,77,49.72,-86.95,-0.41,6.93
373,taoudenni,40,ID,1545615000,74,-8.65,115.22,84.2,6.93
374,luba,0,NZ,1545616089,40,-45.41,167.72,71.0,3.53
375,aasiaat,75,GB,1545614400,93,53.41,-2.98,42.8,2.24
376,poronaysk,20,SE,1545614400,84,62.49,17.33,8.6,3.36
377,gizo,20,US,1545612960,54,20.89,-156.47,82.04,18.34
378,maseru,90,PE,1545613200,88,-7.84,-79.15,69.8,10.29
379,tambovka,0,PK,1545616207,75,24.7,70.18,44.63,4.21
380,saint-philippe,64,CD,1545616207,46,1.23,23.61,81.58,8.57
381,ilave,12,GB,1545614760,93,52.47,1.45,42.8,3.36
382,grand gaube,32,SO,1545616208,100,9.49,50.81,76.13,23.44
383,rio gallegos,75,PL,1545615000,100,51.6,18.74,35.6,10.29
384,white rock,24,RU,1545616208,34,60.87,60.43,-22.6,7.56
385,talaya,32,RU,1545616208,31,61.68,96.39,-22.38,6.55
386,ancona,0,RU,1545616208,29,65.61,72.68,-19.77,14.5
387,ambilobe,90,US,1545614100,68,41.96,-88.08,37.04,4.7
388,orange,68,AU,1545616208,32,-20.74,116.85,98.27,10.25
389,changji,0,NG,1545616209,46,12.18,6.51,55.97,10.47
390,sitrah,0,SO,1545616209,78,4.12,43.89,69.7,12.71
391,kaili,20,NA,1545616209,43,-17.91,19.77,75.46,5.77
392,miandrivazo,0,CN,1545616210,63,38.94,100.46,7.06,2.53
393,narsaq,48,RU,1545616210,52,50.93,84.77,-12.97,0.85
394,marabba,20,MX,1545612060,43,27.52,-110.01,71.6,2.24
395,zverinogolovskoye,12,MG,1545616210,100,-20.3,44.28,72.53,2.98
396,luanda,56,CN,1545616210,53,37.07,114.49,28.34,4.43
397,tocopilla,8,MN,1545616210,40,45.76,106.27,-2.04,8.68
398,tura,8,UG,1545616211,93,0.64,34.26,60.61,3.2
399,kindu,24,VN,1545616211,96,10.93,108.1,80.32,3.65
400,babanusah,0,SN,1545613200,88,12.49,-16.54,66.2,3.2
401,turan,56,RU,1545616211,32,62.1,126.7,-22.33,3.76
402,lucea,0,MX,1545616211,72,18.62,-100.35,54.4,2.42
403,keti bandar,1,US,1545613080,64,36.19,-94.13,39.92,2.64
404,astorga,20,JP,1545615000,66,35.73,140.83,50.0,9.17
405,fjerritslev,0,CN,1545616212,44,38.52,102.19,6.83,2.75
406,temaraia,0,NZ,1545615000,63,-43.53,172.64,66.2,23.04
407,sept-iles,92,NC,1545615000,62,-21.61,166.22,89.6,11.41
408,luang prabang,12,MR,1545616212,35,20.52,-13.05,53.99,6.55
409,udalguri,44,IE,1545616213,100,53.8,-9.52,38.15,7.45
410,sao filipe,1,US,1545614100,59,30.04,-94.42,59.0,4.7
411,quepos,0,AU,1545615000,13,-34.96,138.58,89.6,11.41
412,richards bay,76,ZM,1545616295,98,-14.56,30.81,69.74,3.65
413,buzmeyin,0,UY,1545613200,77,-34.68,-56.22,69.8,4.7
414,pilna,68,ID,1545616214,100,-8.49,140.4,81.53,5.21
415,saint-francois,8,CO,1545613200,61,2.89,-75.43,80.6,6.93
416,naze,0,NG,1545616214,47,11.67,10.19,54.58,9.91
417,torbay,90,CA,1545613200,64,70.47,-68.59,-2.21,8.05
418,salinas,0,CN,1545616215,19,42.27,118.96,21.5,9.46
419,vila velha,0,BJ,1545616215,49,9.2,2.26,60.43,5.99
420,geraldton,1,US,1545614100,89,30.37,-88.56,62.96,7.34
421,denpasar,12,BR,1545616215,95,-8.16,-70.77,73.3,2.86
422,asau,0,SD,1545616215,50,13.6,26.69,52.06,13.49
423,te anau,92,NZ,1545616215,99,-39.94,176.59,59.03,13.94
424,liverpool,20,BR,1545616216,94,-1.83,-65.37,75.82,1.52
425,timra,92,CN,1545616216,89,28.89,110.18,41.03,3.2
426,kahului,90,US,1545614400,59,39.62,-77.74,44.6,3.42
427,chicama,64,RU,1545616216,96,45.84,41.51,34.42,13.38
428,islamkot,20,AU,1545613200,31,-32.49,137.76,91.4,10.29
429,basoko,8,CN,1545616216,29,47.79,124.46,8.68,8.79
430,broome,80,GB,1545614400,93,53.55,-0.49,41.0,2.24
431,bandarbeyla,20,CL,1545613200,82,-41.87,-73.83,59.0,4.7
432,sieradz,0,RU,1545616217,100,53.19,107.35,-9.51,13.49
433,polunochnoye,0,CL,1545613200,87,-38.65,-72.23,57.2,5.82
434,baykit,75,AE,1545613200,68,25.36,55.39,64.4,5.82
435,staryy nadym,90,FR,1545613200,93,47.7,-0.08,55.4,11.41
436,bloomingdale,80,FO,1545614400,81,62.23,-6.59,42.8,20.8
437,karratha,75,BR,1545613200,94,-1.76,-48.8,75.2,2.24
438,samalaeulu,0,NA,1545616221,78,-26.65,15.16,59.17,15.05
439,auki,40,TH,1545613200,88,8.35,100.2,78.8,5.77
440,xuddur,68,ID,1545616221,64,-8.09,111.9,82.48,7.45
441,rundu,88,PH,1545616222,100,10.83,122.09,78.2,2.75
442,solovetskiy,40,TH,1545613200,73,17.63,100.1,69.8,3.36
443,qui nhon,12,NA,1545616222,97,-22.12,14.28,62.32,5.55
444,zhangye,88,RU,1545616222,39,69.49,88.39,-25.75,13.04
445,ust-kan,8,MV,1545616222,100,5.67,73.0,82.52,11.81
446,laguna,36,SO,1545616223,100,11.28,49.18,75.23,17.74
447,morondava,36,RU,1545616223,61,59.7,150.17,-14.1,2.86
448,xingtai,36,BR,1545616223,96,-25.41,-52.42,66.5,2.08
449,mandalgovi,80,PF,1545616223,100,-16.48,-151.75,82.03,16.17
450,malaba,75,JP,1545613200,86,36.66,137.31,37.4,4.7
451,phan thiet,0,NE,1545616223,51,15.46,6.28,51.38,11.36
452,oussouye,20,MX,1545612060,43,27.62,-110.24,71.6,2.24
453,berdigestyakh,75,NO,1545612600,100,58.61,5.65,28.4,1.12
454,coahuayana,75,NO,1545614400,100,58.89,5.65,37.4,1.12
455,springdale,92,BR,1545616224,93,-6.87,-39.88,68.62,3.31
456,hasaki,0,IN,1545616224,59,18.62,84.23,69.52,3.98
457,jinchang,0,RU,1545615000,65,56.73,85.44,-34.61,4.47
458,christchurch,90,GE,1545615000,87,41.96,42.96,44.6,3.36
459,thio,36,RU,1545616225,53,46.45,135.83,3.05,7.23
460,atar,1,US,1545615300,90,36.3,-76.22,46.04,7.67
461,westport,8,RU,1545616225,100,59.58,151.3,3.37,17.85
462,nome,20,ES,1545613200,93,43.27,-7.54,50.0,5.82
463,vestbygda,75,CA,1545613200,78,53.65,-115.58,17.6,4.7
464,black forest,56,MK,1545616226,89,41.28,20.71,28.93,1.97
465,nyimba,90,RU,1545615000,78,57.3,39.54,14.0,8.95
466,progreso,0,IN,1545616226,85,28.8,79.03,46.48,2.86
467,merauke,92,IS,1545616032,95,65.08,-22.73,40.94,21.99
468,palermo,75,JP,1545613200,73,24.8,125.28,71.6,18.34
469,azare,75,MY,1545613200,83,6.89,116.84,82.4,9.17
470,clyde river,20,AU,1545616226,66,-12.05,134.23,92.47,4.76
471,chifeng,8,ES,1545616227,100,40.42,0.43,59.03,4.21
472,aban,20,VE,1545613200,73,10.61,-66.85,77.0,11.92
473,beterou,0,SD,1545616227,61,14.2,24.66,42.38,9.8
474,pascagoula,76,PF,1545616227,100,-22.43,-151.33,78.38,17.85
475,tarauaca,90,CA,1545613200,85,52.41,-108.71,12.2,13.87
476,umm kaddadah,1,MX,1545612960,80,32.5,-116.96,62.96,6.11
477,waipawa,0,LY,1545616228,82,27.03,14.43,37.25,4.21
478,korla,75,GB,1545614400,93,53.12,-2.65,42.8,2.24
479,maraa,36,RU,1545616231,76,55.82,65.58,-11.22,7.56
480,huilong,12,ID,1545616232,100,4.14,96.13,80.63,5.77
481,vardo,75,TR,1545615000,57,41.19,40.99,51.8,4.7
482,krasnogvardeyskoye,75,JP,1545613200,46,34.7,138.93,53.6,23.04
483,port augusta,90,CA,1545613200,85,44.23,-76.48,26.06,4.7
484,fuyu,92,GA,1545616232,100,-1.57,9.26,79.87,5.99
485,brigg,75,NO,1545612600,65,78.22,15.63,6.8,3.36
486,ancud,0,DZ,1545613200,93,36.36,6.61,37.4,2.24
487,nguiu,32,YE,1545616004,97,12.79,45.03,78.29,15.61
488,khuzhir,64,CA,1545616233,84,55.43,-116.48,12.59,3.2
489,vilcun,92,NI,1545616233,100,14.04,-83.39,76.04,10.69
490,hunza,75,BN,1545615000,94,4.75,115.01,80.6,3.36
491,sharjah,0,IN,1545616234,71,27.1,93.63,62.23,2.64
492,la fleche,76,VU,1545616234,97,-15.51,167.18,83.6,12.03
493,klaksvik,0,IN,1545616234,69,27.2,73.74,44.77,2.75
494,ipixuna,20,JM,1545613200,74,18.03,-77.85,78.8,8.05
495,luderitz,1,US,1545612960,64,44.39,-68.2,23.0,3.36
496,pak phanang,90,UZ,1545615000,79,41.32,61.08,24.8,4.7
497,boyolangu,88,BO,1545616234,100,-15.31,-68.22,54.89,2.3
498,san remigio,40,US,1545615300,74,33.19,-82.53,59.0,8.05
499,akyab,75,CL,1545613200,87,-29.95,-71.34,60.8,8.05
500,uttaradit,75,DE,1545615000,93,51.95,13.9,41.0,4.7
501,umzimvubu,0,RU,1545616235,58,52.47,96.11,-4.87,4.65
502,henties bay,8,UA,1545616235,86,48.54,32.26,22.49,8.79
503,talnakh,76,VE,1545616235,92,10.49,-68.2,65.56,2.64
504,halalo,8,KZ,1545616236,78,45.32,55.19,11.33,11.92
505,ugoofaaru,20,IN,1545615000,64,19.3,73.06,73.4,2.24
506,bosaso,0,RU,1545616236,55,52.53,111.54,-7.93,11.48
507,arman,12,ID,1545616236,97,-3.75,103.64,82.03,3.76
508,laranjeiras do sul,40,CM,1545613200,100,3.8,10.13,75.2,1.12
509,faanui,68,BR,1545616236,100,-21.23,-45.76,66.55,2.64
510,tateyama,75,HN,1545613200,88,15.78,-87.45,73.4,4.7
511,milingimbi,68,SE,1545614400,74,57.64,18.3,30.2,12.75
512,abalak,20,MN,1545616237,42,47.25,107.54,1.12,12.93
513,cardenas,0,NE,1545616237,53,13.51,7.78,54.13,11.48
514,varhaug,90,NO,1545614400,79,63.83,10.7,37.4,11.41
515,sola,40,PY,1545613200,88,-25.97,-55.19,77.0,2.53
516,assare,75,BR,1545613200,83,-5.2,-35.46,80.6,13.87
517,tekkali,0,AU,1545616238,61,-41.18,146.36,69.83,12.37
518,oktyabrskoye,0,MX,1545616238,84,19.93,-105.25,59.35,2.3
519,khani,0,IN,1545616238,74,22.62,71.45,55.25,3.76
520,vostok,40,RU,1545615000,73,56.15,101.63,-36.41,4.43
521,elizabeth city,0,RU,1545616239,25,53.97,121.97,-18.51,2.3
522,ola,20,LK,1545613800,100,6.12,81.12,71.6,3.36
523,bereda,48,RU,1545616239,54,51.13,133.04,-6.36,4.99
524,mackay,92,CN,1545616239,81,34.57,105.89,29.6,3.31
525,poum,0,VE,1545616239,87,9.96,-71.12,82.07,6.67
526,semibratovo,68,CN,1545616239,87,27.34,103.71,38.65,2.86
527,rampur,76,CD,1545616240,95,-8.74,25.0,65.33,2.98
528,stykkisholmur,90,US,1545612780,92,42.03,-121.6,35.96,10.29
529,hirara,90,CA,1545613200,84,55.1,-105.3,3.2,3.36
530,kudat,75,PT,1545613200,93,37.73,-25.67,57.2,5.82
531,maningrida,75,MY,1545615000,78,1.48,103.39,82.4,6.93
532,benicarlo,56,SB,1545616240,99,-8.15,159.59,82.57,4.09
533,caraballeda,75,GF,1545615000,94,4.94,-52.33,75.2,1.12
534,dibaya,88,MR,1545613200,55,20.93,-17.03,64.4,5.82
535,kutum,56,CU,1545616241,97,20.04,-77.58,79.42,10.92
536,moerai,0,BF,1545616241,42,14.45,-0.24,56.87,12.15
537,wilkie,75,DE,1545614760,65,49.56,8.71,46.4,10.29
538,tijuana,68,BR,1545616242,98,-2.98,-65.16,72.17,2.75
539,sabha,88,ZM,1545616242,98,-8.77,31.12,60.88,2.75
540,bunbury,0,RU,1545616242,30,66.08,76.63,-20.13,18.19
541,belozerskoye,76,RU,1545616242,75,53.94,139.92,7.19,8.23
